username,forum_interactions
user8796387446511108097,8967
user7757132599285252097,6649
user7959886181284446209,5285
user113100542036672513,4171
user2959087468848087041,4091
user6994576020762263553,3902
user8540069828419911681,2200
user6168325103009398785,2088
user2316749434416791553,1224
user1619922760513880065,1016
user8280041345700069377,945
user5816522867210190849,928
user5376282143775260673,898
user1406505393194008577,881
user1493654613251850241,706
user3540590671670804481,684
user7571738205649633281,640
user5572813159976140801,635
user2836743929557155841,566
user5197139337031974913,539
user4548936189750542337,532
user3000355911219806209,451
user2881814835325042689,396
user9042698327673536513,396
user9196078267013005313,383
user2896505294219640833,361
user1576328288408698881,360
user7553738985554575361,330
user1651746380823134209,327
user5771972614557794305,318
user8597158993279844353,316
user6956619973133336577,313
user8912921548612960257,302
user6966149126878658561,298
user3974045222224003073,273
user5946750570592206849,262
user2943964197509136385,262
user5064388258759180289,244
user2882394166283730945,242
user1721729707520557057,241
user1711122353775181825,224
user1934055203959472129,223
user4730681123904946177,213
user2345544497191976961,210
user1671143131736702977,207
user5657566862024638465,204
user805341054155882497,203
user5079710713501450241,200
user6875750016737083393,199
user5338531202309554177,193
user7176241601100906497,190
user7667290739675496449,188
user6099493862634422273,187
user6063581296020422657,183
user5394195829596618753,178
user5086061303684923393,176
user7843022942953799681,175
user1038703339065311233,172
user9081585137665179649,172
user9216256285362618369,169
user6614076995334569985,165
user4743079388818440193,164
user7398824347026063361,161
user3836360033981956097,161
user51854703532703745,150
user3981758781624156161,148
user3653905545460449281,148
user4139892201788276737,147
user1701331602161795073,147
user518139417160843265,145
user1113401758169694209,143
user4595843451735506945,142
user1360079167546195969,142
user428220802190540801,142
user341281739177459713,140
user2961588299455528961,138
user7565317109283028993,138
user4872300454945488897,137
user3633126506567303169,133
user5407155236282302465,132
user1407574736971497473,132
user4218275273335898113,130
user1538973497546506241,130
user2508374614418128897,129
user5342626681259556865,129
user658630967098867713,127
user4966692132325687297,127
user7287943538577244161,127
user5814749260465307649,127
user3132550026723590145,125
user7948416982221586433,122
user4669990074916536321,121
user8094693651243859969,120
user723387692259213313,120
user5348183342443397121,120
user6104207924249231361,120
user5183148287791726593,119
user5937975591629225985,119
user4632405331505315841,119
user8042968243406635009,118
user7813571823924150273,116
user3356634739892027393,114
user1238963731203883009,113
user1740270870883991553,113
user6938470824319909889,112
user1025316407040016385,112
user6210548518474481665,112
user4995652611471310849,112
user831675946779017217,111
user262686380281298945,109
user4090261505335885825,108
user8283488709790138369,108
user7455395221002518529,108
user2940044451441016833,107
user8363818986365779969,106
user8232001148651831297,105
user5071529801529950209,105
user703654598161727489,104
user7776217578522804225,104
user5524662603743232001,102
user7024143623599947777,101
user5589364769934016513,100
user7241856130014511105,99
user4866385060913217537,98
user4198741229497745409,98
user7256571366575439873,98
user5378325087919276033,97
user8401327283654098945,96
user3381945291405000705,96
user3750615452913500161,96
user7930254162527256577,94
user3059994680335794177,92
user2017585291300175873,92
user6128957724832038913,91
user8291225350344540161,91
user3447335696040198145,91
user4155514995003621377,90
user5419412858196721665,90
user1694774144878510081,89
user8499273763731275777,88
user3713514305639940097,88
user4621742392293195777,87
user7601827290531495937,87
user7480499343502344193,86
user7578600253423616001,86
user6582433115111686145,86
user6890768104326955009,85
user6699663762124701697,85
user4259358074336182273,85
user2456411355587018753,84
user6292701201213423617,84
user2706941488066985985,83
user7686018553727680513,83
user741913771697504257,82
user5741657644460933121,81
user6581050788477403137,80
user8305587785406873601,80
user5591833298092425217,79
user9134877147708522497,79
user9128484295046856705,79
user4004739077155848193,79
user6357169532204744705,78
user1739220549516656641,78
user8312050268078342145,78
user3190467806739038209,77
user7219802108604710913,77
user2284327185860788225,77
user2288734616875433985,77
user1816498027762810881,76
user7231690449231020033,75
user3217120101740314625,75
user3485998592206831617,75
user6072004950953558017,74
user1970683574117990401,74
user1287571916202180609,74
user762426252035358721,74
user8770004016462561281,74
user1156393637773312001,74
user5142726104301174785,74
user2815838717409755137,73
user86312736522240001,73
user5926648457199616001,73
user3212215107354361857,72
user87362860321079297,72
user424383025573265409,72
user8186571780618452993,72
user8023781421904560129,72
user7501243803613790209,71
user1816293059038543873,71
user7960866919886618625,70
user1995354093899481089,70
user135912655238987777,70
user840219667522912257,70
user3627904565069742081,70
user6776036840517402625,69
user6181284522579984385,69
user2477800417275150337,69
user5241418834946031617,69
user5592103138002731009,69
user1409799036109586433,69
user864895409984634881,69
user8651365659558543361,68
user6929758569059319809,68
user6805379906759819265,68
user2069144509672849409,67
user8141990522597146625,67
user1494871618004975617,67
user8214766737678139393,67
user2209279912332754945,66
user5586587012720230401,66
user4786049973974204417,66
user1976225108427014145,66
user1149626259668467713,66
user191644765052207105,66
user834608082297290753,66
user2985303262028103681,66
user27669673969451009,66
user2474913065380872193,66
user7130181916552069121,66
user1148332538209501185,65
user1939242424941412353,65
user1203249433165168641,65
user3562390529800929281,65
user515764137037398017,64
user2225059076717412353,64
user1283475891791331329,64
user2894352471927291905,64
user5193158301780541441,64
user6281120831217074177,64
user3543140847157510145,64
user8373509063945748481,63
user4485917697984430081,63
user103715351300145153,63
user1517687459238903809,63
user3919183582022598657,63
user5580992414090264577,62
user4941326300288647169,62
user6623041768902361089,62
user1111099440950673409,62
user6002276436075872257,62
user791848719338176513,62
user1237919019063836673,61
user5767074311730888705,61
user2051533919693570049,60
user7975440044569657345,60
user8016429159448313857,60
user1833531271058292737,59
user4063202094679588865,59
user2999806387334152193,59
user5196821088545275905,59
user5290949016278794241,59
user4217093023458131969,58
user2607079203467689985,58
user4919000119686201345,58
user9151879961160712193,58
user6773670970667302913,58
user4704520774457753601,58
user7865160428463063041,58
user2395921998262829057,58
user8997354670007517185,58
user6426619174855901185,58
user6740062254575648769,58
user4029211074958983169,58
user3881893683821281281,57
user4957391754308354049,57
user1665969594520567809,57
user6431233064948465665,57
user279321282539945985,57
user6308717507922362369,57
user2706909632294551553,56
user6897269069905395713,56
user5544637212441706497,56
user6940625712491528193,56
user6994565412193042433,56
user1180804732940189697,56
user5148198863298887681,56
user4069109585972035585,56
user7391696303337504769,55
user4393977845634826241,55
user9171082785710931969,55
user2740471146695622657,55
user4347590828743458817,55
user2200250830219640833,55
user8761910111938543617,54
user2355573091209314305,54
user7997657897506963457,54
user3639778113828683777,53
user3595331996953346049,53
user6713677128015020033,53
user1147800700999172097,53
user6377099992934383617,53
user5350080554052091905,53
user7818355665872617473,52
user2730335006697193473,52
user3041906107741110273,52
user7159247218669518849,51
user3543713697010548737,51
user7011871909897830401,51
user5613994874073251841,51
user5452738115036774401,51
user6718317548120571905,50
user8198490868915634177,50
user6206467303110868993,50
user697553382369394689,50
user7296361957945245697,50
user4500417825403305985,50
user2191213433049841665,49
user342647689101443073,49
user485910798615445505,49
user1660404382056841217,48
user51369419472896001,48
user6458891924190265345,48
user3156495895327932417,48
user4582491197276160001,48
user11370247311327233,48
user5805861796308844545,47
user8501811101560733697,47
user666047048474165249,47
user9023176528787144705,47
user5863039059537952769,46
user8727590217982148609,46
user3083501418598891521,46
user3121616921183649793,46
user5495411308067028993,46
user6082278087523827713,46
user7542936550099648513,46
user2070689387934384129,46
user7483841227490590721,46
user9055363576344084481,46
user5259484111638102017,46
user31698555156561921,46
user2414002431894487041,45
user6240700644886315009,45
user5692004734437687297,44
user1138104769378779137,44
user6994826146772680705,44
user8391904610737979393,44
user97618194251907073,44
user3230367292709666817,44
user8934987608816091137,44
user4536481592045993985,44
user2853294246729875457,44
user1042190010696073217,44
user3993633288160804865,43
user8617461488371630081,43
user733273465729056769,43
user4791183426260566017,42
user6872010380122521601,42
user3233824002648571905,42
user6973393624310480897,42
user6435512445808148481,42
user6622632471403954177,42
user7504105600452657153,41
user8160243339036196865,41
user6056052579127787521,41
user2812961982674632705,41
user8595264749493551105,41
user1354356978322767873,41
user3148196682777231361,41
user8265700097711407105,41
user6574682245330632705,40
user8873948499972980737,40
user5674028367863611393,40
user5451893535487819777,40
user6263779497032548353,40
user5882406656213516289,40
user8959984245464367105,39
user8925952316180267009,39
user4992346272632406017,39
user6215111603398901761,39
user2581505374754439169,39
user300104633580257281,39
user2547239580206104577,39
user567354025771532289,39
user9093086918349946881,39
user7366905271068655617,39
user7108907255612833793,39
user533941387821842433,39
user1127773178303610881,38
user3980252364794757121,38
user8202320944656547841,38
user1104517725692100609,38
user1156462189746323457,38
user4513458595949445121,38
user5150430034384650241,38
user1782463890865520641,38
user646719781541511169,38
user8565725669533679617,38
user1546701058540044289,37
user8097230735670247425,37
user2940359023435710465,37
user2525169817741164545,37
user387428276554956801,37
user7344942788296835073,37
user553792803973365761,37
user5017735417751928833,37
user1395770998610984961,37
user2723806772371390465,37
user3332326861379207169,37
user3532222559254740993,37
user6478347133903699969,36
user2069996648364244993,36
user2289159384846041089,36
user4264268789618573313,36
user4976147872195018753,36
user4266528539416723457,36
user1611182459116847105,36
user3760051457408106497,36
user4028893084170321921,36
user2037229767337443329,36
user5632401884133195777,36
user2723266053168693249,36
user7401649404714680321,35
user5433574267314765825,35
user4409528539234172929,35
user834948089088311297,35
user6054778945230864385,35
user3731381403951038465,35
user4225515819397808129,35
user688453227137466369,34
user4385865331017515009,34
user8716284322165817345,34
user3743160613753323521,34
user3772302443598053377,34
user4538342373742084097,34
user5587421318707412993,34
user1560316521480192001,34
user6654161920813170689,34
user1354679899733884929,34
user4367407051932958721,34
user4088068520804352001,33
user7976801467598110721,33
user7415749915491434497,33
user6801862912659947521,33
user3057491075179479041,33
user6787633544274378753,33
user7405262314024206337,33
user1664709652979384321,33
user5893234904421892097,33
user1528155333921341441,33
user3961095487804669953,33
user8907866299091124225,33
user767000602658996225,33
user2273870546812796929,33
user5818711861717106689,33
user4425623654298025985,32
user8839346272046415873,32
user513690668560809985,32
user6520647790060634113,32
user4718449254614433793,32
user7067006821688410113,32
user2093464160691027969,32
user2546516939073650689,32
user8635008972396429313,32
user8956042101141798913,32
user4018243665515249665,31
user1223315876854366209,31
user6044029045815902209,31
user4415175386141294593,31
user3180865810348376065,31
user2406944439122526209,31
user6124954398700339201,31
user8275898106713735169,31
user102321797621350401,31
user4082882545362927617,31
user5362233868390760449,31
user7236574119104348161,31
user4505932159684444161,30
user2225905150914985985,30
user1661679313033887745,30
user5814332923515502593,30
user2696011569392779265,30
user3308057195190419457,30
user8823120469717680129,30
user9015299494341771265,30
user769916060819259393,30
user5947724372822196225,30
user1604538200544509953,30
user2101515772672081921,30
user2644758925785694209,30
user8369261878160916481,30
user4651518704771661825,30
user2589897766620626945,30
user6437069302733471745,30
user3014040316974989313,29
user2242396871848886273,29
user3299321592487608321,29
user6417683100259581953,29
user3906544073091055617,29
user1490803382032531457,29
user8939648885282832385,29
user2407283745833877505,29
user6190294573693009921,29
user438424867096756225,29
user746780871587004417,29
user8850009112474288129,29
user403669536470990849,29
user823401400225497089,29
user2117657127353843713,29
user1667293376455639041,28
user5519615931271086081,28
user5677082411733614593,28
user7124594924309184513,28
user8223109711650619393,28
user7207152734133288961,28
user1967954852545822721,28
user4489191193208422401,28
user6906871220914880513,28
user8661158713274400769,28
user9001528686729494529,28
user6490695920793944065,28
user6782576319067586561,28
user2205216581212962817,28
user9082321814750756865,28
user1120393561200656385,28
user2000452477777870849,28
user2928892822260023297,28
user2134029697305018369,27
user6898538700892798977,27
user8649125018069893121,27
user3177864628935852033,27
user6837068338678464513,27
user2932781610203873281,27
user6651457813698576385,27
user8947457865971400705,27
user728970595693232129,27
user4955938427569700865,27
user3502703154540052481,27
user1208658420488470529,27
user4026189518221606913,27
user5522312762711080961,27
user8748865609065824257,27
user4334298476192989185,27
user3253383854945206273,27
user1286006688385597441,26
user3120476895129370625,26
user3317740319218335745,26
user7914307919619817473,26
user8578727235618340865,26
user715428847276785665,26
user4667264754958467073,26
user3798916174087979009,26
user5581204422265929729,26
user3875311431691796481,26
user5695598930574704641,26
user7297420615844102145,26
user8990221244724936705,26
user8444347565876445185,26
user5618616950373482497,26
user5639188276058259457,26
user616884134089850881,26
user2552012130685550593,26
user5807844632385552385,26
user8812954801819090945,25
user8101956509660872705,25
user8120158658370732033,25
user4676431585262698497,25
user3100351146531749889,25
user7108005557293809665,25
user155923900008497153,25
user4012577061758566401,25
user9194592380127281153,25
user5526935075234512897,25
user1967516065801961473,25
user5918392310285991937,25
user8982344090020478977,24
user3676374714114113537,24
user5955917804623364097,24
user5414905053796368385,24
user1818485901836156929,24
user5050978769565646849,24
user8186391757064241153,24
user487710939668283393,24
user406243067989852161,24
user403207346450333697,24
user6088133296179380225,24
user5719019825326456833,24
user1760586890827792385,24
user290460361826500609,24
user1482109401857785857,24
user9017789441502085121,24
user1453331622030999553,24
user4107429756633350145,24
user5504340248722669569,24
user15596473655754753,24
user6972242405571428353,24
user1873043235014705153,24
user8946280379212365825,24
user3521228314855342081,24
user789665870929461249,24
user6757723168686735361,24
user135857572283416577,23
user2238953845675786241,23
user7290838836161019905,23
user8598909544640282625,23
user761147786300227585,23
user4164466235129462785,23
user6159967938464972801,23
user5362897470902763521,23
user2516430680280268801,23
user1896622029944127489,23
user3893918144846102529,23
user7541979180414533633,23
user8141997441789460481,23
user1941437136049799169,23
user200784678796394497,23
user8281739356725575681,23
user3369450183568916481,23
user8239480310211805185,23
user5156424086447980545,23
user6893192317012803585,23
user8254643876933926913,23
user8627213778552881153,22
user4980305890163818497,22
user6300470324605485057,22
user5406916423215742977,22
user2366438645503623169,22
user3645398069945565185,22
user4823831302333530113,22
user3623821962431692801,22
user8072472555606245377,22
user5338288008376352769,22
user7362711407302803457,22
user8335574482563366913,22
user8400545152929628161,22
user8767939283949453313,22
user1196482879694045185,22
user3893181334616539137,22
user4306743924526940161,22
user3064547792346152961,22
user1703228066446180353,22
user2476034309543165953,22
user7628995681687961601,21
user6368045974241148929,21
user1507627456125730817,21
user744859621046353921,21
user7440505527164993537,21
user7268687967533662209,21
user4311129700316479489,21
user7077311427484057601,21
user7191885370936524801,21
user7740942230436708353,21
user3119382232519671809,21
user4697085400089362433,21
user3339582186423582721,21
user5378889532521316353,21
user4753452306068930561,21
user6150959841562066945,21
user3218076092740927489,21
user8505349106640617473,21
user1952150236184969217,21
user4565071024671948801,21
user1126286239150899201,21
user6443310963956383745,21
user3876331387640348673,21
user5161469972941111297,21
user5093546031522512897,21
user7541746955827806209,20
user5702166566930481153,20
user5309578694623232001,20
user1568553336746016769,20
user5442521375682068481,20
user38357038660583425,20
user1229659736824086529,20
user7579283677209690113,20
user6542686139134771201,20
user1915831481628884993,20
user4170322246943899649,20
user7018045272550801409,20
user6238625999588687873,20
user2156087910602899457,20
user2381309866686808065,20
user212789043669237761,20
user4819772970555670529,20
user2312090228124286977,20
user3714731752774696961,20
user6091198859151671297,20
user1314540488300167169,20
user6281867309418020865,20
user2843508391379206145,19
user907378142690148353,19
user4214197000024883201,19
user3746633395459850241,19
user6027207312479879169,19
user641474140414410753,19
user4673537902586626049,19
user2796086940204531713,19
user3814113168540565505,19
user7408627721548333057,19
user9149682419668877313,19
user1220503334700449793,19
user3633457412322623489,19
user4359177688435392513,19
user1871902272657555457,19
user3318166135160963073,19
user6033616713650536449,19
user2860150998809182209,19
user916022481632886785,19
user7291449833913581569,19
user6326997099187535873,19
user5337235333366939649,19
user8371538219417731073,19
user1648810139316125697,19
user3619421970300403713,19
user3478777081439977473,19
user6008623886638252033,19
user4327675529248374785,19
user542589124083712001,19
user8561685380913430529,19
user3499897183686098945,19
user7873553039372582913,19
user2111797327378251777,18
user4774056423829012481,18
user197994719580520449,18
user3811427362281619457,18
user8210670163511476225,18
user8119190933519466497,18
user4144272097767587841,18
user4374029242963329025,18
user8448508117875949569,18
user6112138551296524289,18
user516225906151260161,18
user3978885216574898177,18
user6104811246895235073,18
user3928099345718575105,18
user4255379268172775425,18
user1951800376738971649,18
user1539030307078930433,18
user3758102955299962881,18
user7502723711905038337,18
user1218030928186572801,18
user3704385683364773889,18
user1999697937923309569,18
user6533217759176687617,18
user6716215530996367361,18
user7672648505218826241,18
user4862310738972114945,18
user5785836133334122497,18
user1876140396061392897,18
user911279901435232257,18
user2526247833057624065,18
user1445588371521929217,18
user7163092528659431425,18
user6607553627206713345,18
user192270507427495937,18
user5817149971090112513,18
user8739665454110343169,17
user1082015833682608129,17
user4988951169704394753,17
user589935701093515265,17
user1906318120478310401,17
user2450081900937609217,17
user3270982723958734849,17
user6914829267033391105,17
user7904696156473524225,17
user1794509483129438209,17
user4860678496780812289,17
user3636971086412775425,17
user8648542590439784449,17
user3986908069454938113,17
user1235479718157877249,17
user5092143548606709761,17
user2026099497028812801,17
user5365014675031326721,17
user7976216007721091073,17
user5064425083808776193,17
user4175136544505462785,17
user2370356209728356353,17
user8408615722896326657,17
user3071620027229667329,17
user2542396179946143745,17
user8922451196279521281,17
user7132362321124392961,17
user24747073278574593,17
user1519090350176600065,17
user3810635159858839553,17
user5644335566729248769,17
user4669587305768419329,17
user2271119998216830977,17
user2919571059600523265,17
user2817160076983271425,17
user193413741822345217,17
user5742694767393767425,16
user8928278637971505153,16
user3654127990406643713,16
user3887278782536482817,16
user6110465957887475713,16
user6749396043143577601,16
user8682497734298566657,16
user6444719322387447809,16
user4139724483315367937,16
user5835919300296179713,16
user7721713047672193025,16
user4736464207174696961,16
user3632547420421750785,16
user1448274323809763329,16
user4130152482976301057,16
user5293946173306961921,16
user1746832322486861825,16
user3214273771078680577,16
user1368197677937852417,16
user1923733529963790337,16
user3787674934709321729,16
user853806379951980545,16
user354917268204814337,16
user4731552564179369985,16
user5397266568004501505,16
user458417007851732993,16
user2313585357779632129,16
user1923612514965258241,16
user8688184760624742401,16
user7898114247941423105,16
user2019535249402232833,16
user2441326300867067905,16
user60237607816134657,16
user6436768435979419649,16
user5137291506087886849,16
user1500025488565862401,15
user4556677975675764737,15
user3802863176018558977,15
user2638339826578882561,15
user4379445213903454209,15
user8492574478037942273,15
user9002146075393392641,15
user8725576956357115905,15
user6890371704615337985,15
user6611409026074804225,15
user5907929885917052929,15
user5049383713201192961,15
user8472974111314804737,15
user9014526937099403265,15
user2005791779256795137,15
user3553341355830804481,15
user4439300775788675073,15
user6426851253413740545,15
user1682413950555127809,15
user9007752085751463937,15
user8585495704644878337,15
user9117484011923439617,15
user7847419872773406721,15
user6618892422472531969,15
user2157105293866041345,15
user611566449181327361,15
user8702888186025607169,15
user3507197365368913921,15
user8499712103798538241,15
user8967054418763579393,15
user6266570306651947009,15
user4436316602446643201,15
user242525004929957889,15
user2407814109870424065,15
user4630807835599437825,15
user8635452432064708609,14
user8189250964037828609,14
user6104067002077282305,14
user1495900885442625537,14
user2703772880239329281,14
user5208178025752952833,14
user5840408863970426881,14
user7708600168920121345,14
user4286826481843175425,14
user278719171074719745,14
user5835966166979313665,14
user1507831059050397697,14
user4784796225775861761,14
user3021493781745631233,14
user8630179487830507521,14
user5762949618413338625,14
user5149926028562399233,14
user3607310836835549185,14
user6454534520954683393,14
user1904939015069499393,14
user8054558831130181633,14
user9040771785733177345,14
user8330778726375620609,14
user4350029489699291137,14
user7056274870941777921,14
user4080054373823021057,14
user275077283620847617,14
user2871672063897108481,14
user7819321638377226241,14
user2487773541789859841,14
user7467028930197716993,14
user4442673605016289281,14
user6362720270628683777,14
user3607580260134027265,14
user185412045951205377,14
user7596796818675990529,14
user6819811022644183041,14
user113863452782493697,14
user8816856251326529537,14
user2632759684808835073,14
user2286407977256615937,13
user4798218848979386369,13
user1815495165784096769,13
user2772409223588347905,13
user2933598732026904577,13
user6741987709889282049,13
user7260547415369842689,13
user5141260519725858817,13
user9131752945547739137,13
user4013394982445514753,13
user2594403878803865601,13
user2847286725649104897,13
user7449226217741352961,13
user7495030553599541249,13
user4634818596319526913,13
user3896866953427419137,13
user8732337393794809857,13
user4266361490958712833,13
user5811498597287460865,13
user384909419969773569,13
user6890797554917703681,13
user6599032987617067009,13
user133277521004199937,13
user8416551847501758465,13
user9146381114531643393,13
user3129251289976799233,13
user7702636439325900801,13
user8459318988646645761,13
user3911584131313565697,13
user1594673103047229441,13
user364693494238806017,13
user5743721277462413313,13
user8016378380049973249,13
user4113544901004623873,13
user6456311683932487681,13
user5126415381879062529,13
user4608640122110345217,13
user5745394910253547521,13
user6555903926758014977,13
user1862975921867194369,13
user9154709193557540865,13
user7224163308591382529,13
user65777853634969601,13
user4845984417228783617,13
user5890212484396089345,12
user2829063699103219713,12
user870765535061606401,12
user3123793322846453761,12
user5191264178253332481,12
user1766856581007278081,12
user429226039286169601,12
user7801646331830730753,12
user9030412483529015297,12
user860018341476040705,12
user3984651923134349313,12
user4495594654439309313,12
user2551099093652865025,12
user7915437925515395073,12
user8241373063644446721,12
user3861425166768668673,12
user2337932097156546561,12
user347465740464422913,12
user800705324154617857,12
user8638253266137776129,12
user3307333875453132801,12
user8167532418228551681,12
user3231140833499545601,12
user7140961172068499457,12
user4327345332162658305,12
user7412539126789963777,12
user8270777646703443969,12
user325106634642685953,12
user848939585005158401,12
user7444538106318946305,12
user2228258917547245569,12
user168495033060687873,12
user2761883152099049473,12
user8766071892298694657,12
user7958604374064758785,12
user3196961191700201473,12
user3314005368413093889,12
user8518981732270081,12
user6240083393661370369,12
user2471606863980920833,12
user1377070294392373249,12
user3174478330690797569,12
user4097798232342529,12
user5109126815662735361,12
user5548320838387761153,11
user157132447971016705,11
user1580814536368193537,11
user3765352314634764289,11
user2321786305773568001,11
user8102111076943921153,11
user733572090510180353,11
user3224945819916435457,11
user3565308942898692097,11
user1770163667170492417,11
user3189706223138111489,11
user1247609517550600193,11
user2632280804545265665,11
user8024135022267072513,11
user3392888816535601153,11
user2824324636483780609,11
user3707965225073377281,11
user7177805321383968769,11
user1673942986557227009,11
user7701428161946320897,11
user235170672299474945,11
user3607917874628263937,11
user7907232240172531713,11
user6479043850613555201,11
user3519616559658041345,11
user8606186769722900481,11
user1538041442398633985,11
user148884856632246273,11
user484346455562125313,11
user6642844342685794305,11
user1198471685775294465,11
user2106951912778629121,11
user2829755274737221633,11
user7920495073412775937,11
user3627768861283057665,11
user8854114461259137025,11
user4982358154386866177,11
user3810534880962412545,11
user3684669803496210433,11
user8638875499524784129,11
user247766909435510785,11
user6205718217864773633,11
user2774037918136664065,11
user7606453356856344577,11
user1055964752498393089,11
user5419698709745106945,11
user9076575328897335297,11
user5307979145722986497,11
user4452230517135245313,11
user3355178844762931201,11
user8137924129165672449,11
user1958387267433136129,11
user8250933085319725057,11
user4121717562343948289,10
user755646633273720833,10
user6288036901089705985,10
user4603840118199943169,10
user3165735228975087617,10
user5154385544645443585,10
user5672154761395175425,10
user3568259057150066689,10
user6791294398303830017,10
user1752183332046635009,10
user1982310982596165633,10
user677450719220989953,10
user2911711660290867201,10
user5859308511074189313,10
user7772866090987683841,10
user8549213289807085569,10
user4313916979472760833,10
user1160528656192241665,10
user7530104699647688705,10
user5791297489193664513,10
user1501911494604881921,10
user6975413409990836225,10
user2686339990236954625,10
user4492629194269786113,10
user4946519933656760321,10
user3724185955045736449,10
user2917839784053309441,10
user3128737878176169985,10
user9106277699218833409,10
user4610755848770158593,10
user7470099213339066369,10
user2645691955891142657,10
user7499906548366311425,10
user2993868006636912641,10
user7083682109524541441,10
user1542205022350082049,10
user8263931580502769665,10
user2573853250566488065,10
user9200725657850478593,10
user3306785451079106561,10
user118864632961040385,10
user8682241981880991745,10
user9092545408873267201,10
user7908444632130781185,10
user7544197230375206913,10
user6983427733065826305,10
user2020639425364492289,10
user6500979275091410945,10
user5214453647282274305,10
user2896319635668336641,10
user3960248820901609473,10
user6478313843612188673,10
user6060926817252933633,10
user3329015351399677953,10
user7931117811731005441,10
user1338964657347493889,10
user6648414928153608193,10
user3006473615391588353,10
user9087906513481105409,9
user949809580601245697,9
user3044531780162945025,9
user3229081791818104833,9
user6101095812421386241,9
user6020791490333114369,9
user6823320260033118209,9
user6026249345794310145,9
user5071799864778555393,9
user12768289230946305,9
user2216540094985142273,9
user2680332323127296001,9
user4947722391355654145,9
user3381986046349672449,9
user1421118284979240961,9
user3741419266507800577,9
user656277681502945281,9
user5770906388926562305,9
user8448976222066573313,9
user6555891222244753409,9
user3191258175210782721,9
user471599851621056513,9
user7739766835326746625,9
user459766774338945025,9
user7232449863873462273,9
user7897090430817271809,9
user4779174409938141185,9
user2402363787781865473,9
user969057734236307457,9
user7111555519562645505,9
user1833039501597868033,9
user7343213046052945921,9
user8925875878647300097,9
user4214688614866485249,9
user8311320398515929089,9
user4065620822692200449,9
user8863081030123257857,9
user6305276023642521601,9
user5352999770308739073,9
user7256230779963834369,9
user43867640615141377,9
user1517255462838337537,9
user6850523552093831169,9
user1512351937331200001,9
user6420197524438515713,9
user3874335327359336449,9
user1022941294420295681,9
user6724264424263122945,9
user4650344980403978241,9
user3022385378301575169,9
user5775486318712717313,8
user1520086426106986497,8
user1730652965934465025,8
user4157332187076624385,8
user6945941206966730753,8
user6590742184612331521,8
user386131213611433985,8
user8239065291816960001,8
user6443936951144808449,8
user8921697249130446849,8
user7874088243837272065,8
user6393394106717962241,8
user6517643683775381505,8
user8301770981114904577,8
user4919818607308832769,8
user515093014037659649,8
user4214475640323178497,8
user2407346254787903489,8
user2332606539572969473,8
user3676261090754297857,8
user585221575054196737,8
user480603365793857537,8
user1112307426272477185,8
user1053467362159755265,8
user624895497932374017,8
user1784719796667940865,8
user3759597453595115521,8
user5509851099785330689,8
user4389626055921500161,8
user4885600684465979393,8
user9136524499594772481,8
user4856848777522184193,8
user5895871717988892673,8
user2234213004939886593,8
user7445308335689039873,8
user8181274922006347777,8
user4610610756184965121,8
user1968831287867211777,8
user9178909715067830273,8
user6057059203497852929,8
user1799546178392555521,8
user4495594804763164673,8
user2057187810347057153,8
user8173766404344905729,8
user8980986695671349249,8
user2233252933720342529,8
user1861079423223070721,8
user7485991249464262657,8
user6432765131322556417,8
user2063067779489071105,8
user4678557460930232321,8
user7384131199481937921,8
user1293237733979848705,8
user3599165946754760705,8
user8633798006367322113,8
user7935666804867727361,8
user751847760470212609,8
user7123770578351161345,8
user7386091444030668801,8
user208044672470220801,8
user7808928199772995585,8
user8470903941373100033,8
user6939422863950610433,8
user9081477286741409793,8
user3570695235614801921,8
user8112713500066840577,8
user277873298740609025,8
user349853712216227841,8
user5206583312985882625,8
user1340008437479636993,8
user8762303419273707521,8
user27548152164777985,8
user7442406088848179201,8
user608200929988050945,8
user2499888699639070721,8
user7584563600765747201,8
user904572597037957121,8
user1143762688711589889,8
user6463464513877311489,8
user8766908500388347905,8
user8187551771896315905,8
user1772181099208769537,8
user8472060408562188289,7
user4568751218939133953,7
user3703550024462893057,7
user8881459985456824321,7
user656239817071263745,7
user3775683188450394113,7
user4690793882886078465,7
user7484173877002633217,7
user8773898606907228161,7
user4035399912379121665,7
user4666604768808927233,7
user3094524392034533377,7
user1117680894216241153,7
user8605753493422080001,7
user3417408084748795905,7
user9167609475723427841,7
user4605140496858218497,7
user4791515203894247425,7
user1212756218720813057,7
user4969889155656974337,7
user6533176626274893825,7
user5574972953000411137,7
user2665281735519895553,7
user8488198589263118337,7
user9112708098484600833,7
user483042834203541505,7
user6535999403335876609,7
user2362562136871272449,7
user4220212754557960193,7
user1689381280862437377,7
user1067394699855134721,7
user3627420908802539521,7
user99231542882074625,7
user7851744226235645953,7
user5110437162940104705,7
user7808062832582328321,7
user5107782121531899905,7
user235784268507250689,7
user6441233368016224257,7
user2790376270083391489,7
user9089276358940426241,7
user7774985949406035969,7
user4066466445918209,7
user1743462899168313345,7
user6475365047915773953,7
user5299303011137355777,7
user2556246908309864449,7
user8155001679343779841,7
user37552556926304257,7
user8596215620893147137,7
user6832963883246813185,7
user1643594979571924993,7
user7295444793448988673,7
user3739389898755407873,7
user4341330480117841921,7
user7390374338173599745,7
user8890544124755705857,7
user2059446336079527937,7
user3192261763038969857,7
user4793632287763726337,7
user6127433135996010497,7
user280328941997129729,7
user7298761831051427841,7
user7913729245791125505,7
user8364269743183495169,7
user3334081827966025729,7
user1159681680051535873,7
user2263133828652466177,7
user693151126790340609,7
user5889558992237101057,7
user8891692564650917889,7
user101338288765272065,7
user8901444524119687169,7
user5570558701577699329,7
user1193555580308946945,7
user2658643601570922497,7
user585817050794950657,7
user2171538651723333633,7
user8809657224713469953,7
user7708886076303081473,7
user8305578499687579649,6
user1436957982632968193,6
user951267009033666561,6
user5282004931568467969,6
user4993780203298750465,6
user7937578078199349249,6
user6005190309393203201,6
user6686419676416704513,6
user2898222125791838209,6
user8141146716142305281,6
user2461966191409758209,6
user5422739976087404545,6
user1098462156812189697,6
user6534848983460741121,6
user548235958105931777,6
user4944664185662341121,6
user8749729812320354305,6
user7709234522704838657,6
user2099277673804070913,6
user5681178895705964545,6
user869505335822385153,6
user9054086927380119553,6
user8185194221397868545,6
user2483935236891607041,6
user6714371383708614657,6
user6895731780851073025,6
user7920747303957168129,6
user5207973658324107265,6
user7834402995130335233,6
user4856081271161356289,6
user1147287186119327745,6
user9098872239297658881,6
user1627047960934088705,6
user196564976507289601,6
user6518187259131330561,6
user5654782073949388801,6
user7231642762209132545,6
user8271594583842881537,6
user3965954418666373121,6
user8482552034413772801,6
user1544899946824597505,6
user6413318743471947777,6
user5553440297670672385,6
user1168033454412005377,6
user4900374616049975297,6
user9069113420220989441,6
user7234044391956938753,6
user6753216953424281601,6
user4806942159485796353,6
user8735150468524670977,6
user7686828567379836929,6
user1433551480861753345,6
user9005319472109584385,6
user3391729690761756673,6
user6949034459593179137,6
user4549114572627247105,6
user5318173310729584641,6
user8383345642860183553,6
user2042919177370468353,6
user184774621264871425,6
user391172796547334145,6
user4022596142423343105,6
user5495958349461585921,6
user1182744215617011713,6
user4518932132336238593,6
user1267253061579964417,6
user8545728602451214337,6
user2114433131627937793,6
user5054206196970422273,6
user4119784809880879105,6
user9184042196691582977,6
user8160456468198326273,6
user3758757087409078273,6
user4236822857675440129,6
user1661931543578279937,6
user2398827273055633409,6
user5754018616173395969,6
user9154532988229255169,6
user6248705274220118017,6
user6193429113840074753,6
user8583458709030567937,6
user1011513786604978177,6
user6860700047604973569,6
user3454368099397009409,6
user3276344874663673857,6
user3311962007657250817,6
user5836701504035094529,6
user2939356921666207745,6
user7909561010095128577,6
user3046465851180974081,6
user5589537075431997441,6
user5398090836653113345,5
user199912727420862465,5
user6727235549494509569,5
user8986846392567726081,5
user8621095241157443585,5
user3362467137976270849,5
user7974212817794367489,5
user191004630241509377,5
user6462603630632501249,5
user6427625678966882305,5
user6639031150461321217,5
user3886515055746875393,5
user1746673387222073345,5
user653710214477905921,5
user1228071041306198017,5
user5261540284281389057,5
user2796875856977330177,5
user2462279758382104577,5
user8776578133923987457,5
user6017430102898376705,5
user4314351003097890817,5
user1909003724873793537,5
user4617578077902340097,5
user5132871976150368257,5
user6286825295110471681,5
user3790688807750205441,5
user5334762342737510401,5
user8265977264835919873,5
user3284771377160126465,5
user6888410240295895041,5
user8269176929572093953,5
user2005774333099638785,5
user5197320709205917697,5
user8704203197637459969,5
user8136002925869662209,5
user7178122461769105409,5
user1703182432418660353,5
user7818889113695682561,5
user340052257544339457,5
user8592368554261610497,5
user3680318314430595073,5
user2090509038507786241,5
user8433372017469685761,5
user8074128746535190529,5
user3294020971484151809,5
user1094355240364277761,5
user6481254874007732225,5
user5536603085272514561,5
user2300688283954315265,5
user8879127457437843457,5
user972983025107206145,5
user6885366568771911681,5
user3592817602839183361,5
user2290742106064420865,5
user2388364118542254081,5
user8026686816956448769,5
user3256548455568375809,5
user7124907194201407489,5
user7565915707465007105,5
user5823976709937954817,5
user3296089389079199745,5
user2714735724132827137,5
user4539066853120540673,5
user3416938932586151937,5
user1151521499887173633,5
user6724099811051569153,5
user6249714497045397505,5
user259403947230363649,5
user1765925140039729153,5
user6224229316457136129,5
user7728721931788091393,5
user5921389553213505537,5
user4165396769858912257,5
user8382912577012760577,5
user8547733175357407233,5
user897706799757524993,5
user371596709274320897,5
user288218921473933313,5
user6613925292794707969,5
user2480251052599803905,5
user2238328073235726337,5
user6810508849330520065,5
user3389477534465785857,5
user4752385839919529985,5
user797854793014968321,5
user2857331924010008577,5
user1954016837561745409,5
user4983532548769447937,5
user1404668822228566017,5
user5466780596510392321,5
user2888560472305434625,5
user8830584250999767041,5
user3718916897756938241,5
user3529622626571911169,5
user4406375144180678657,4
user921444748995067905,4
user2950540737332117505,4
user6520968667067318273,4
user4919607355047411713,4
user1626801571545219073,4
user3072295423721865217,4
user6138216634940129281,4
user4030921111892918273,4
user4437411037423075329,4
user124155212330958849,4
user2688699898672447489,4
user7850137444610473985,4
user1261160478671896577,4
user186977097674129409,4
user325827033802211329,4
user4601013299574734849,4
user6848337654258335745,4
user8061654847247613953,4
user7526248609289863169,4
user72769295888678913,4
user2181713545211674625,4
user4378097723748909057,4
user6341036844766986241,4
user2860331739622932481,4
user5574628719961571329,4
user3191347557775179777,4
user1890358855230029825,4
user9152364313212616705,4
user8484817376259342337,4
user6503345067632099329,4
user2106079463186890753,4
user6133426105727582209,4
user4616892158740267009,4
user8299811621329436673,4
user6913591088091496449,4
user4106450856277180417,4
user8429907688258797569,4
user1647063221498019841,4
user5378515724337676289,4
user6053555682710388737,4
user8115437548714590209,4
user4976426387939262465,4
user1617316497049255937,4
user3712404632119541761,4
user7684637335194959873,4
user2237120427216338945,4
user7968372856272715777,4
user8941403572696776705,4
user1110488443198111745,4
user826770840723914753,4
user8017119459477028865,4
user4314197410772418561,4
user2450951064879366145,4
user3936347353669173249,4
user223435026350473217,4
user8263431813813239809,4
user7455174378079125505,4
user4664487457306181633,4
user1310210474071031809,4
user2532627208111915009,4
user5391825694843994113,4
user3025952498964758529,4
user494587852324077569,4
user4493518282564829185,4
user6197938795141136385,4
user5245876096171245569,4
user5431818300000567297,4
user247893056919961601,4
user8389602319288762369,4
user1950133834938843137,4
user9167336229904056321,4
user5124340350034378753,4
user372761040548528129,4
user2420097304020123649,4
user8807596662613606401,4
user8749018527081431041,4
user487380682453024769,4
user4451913076102397953,4
user473269348358684673,4
user3673145701866405889,4
user4345717956714430465,4
user4805444882346803201,4
user3385087382104571905,4
user4357097365191000065,4
user357200408394858497,4
user3442868277217329153,4
user1459104826875969537,4
user2111301039612231681,4
user3125839239107837953,4
user1069303198637883393,4
user3476534193683431425,4
user4157368797377855489,4
user2670573251192684545,4
user2385238924244025345,4
user486534561010810881,3
user2955169277558128641,3
user3990341981707436033,3
user925278273594720257,3
user6834329549702955009,3
user681527716926717953,3
user7791950786757394433,3
user1436158465880883201,3
user6793485561769230337,3
user2769103022188396545,3
user3450088082882166785,3
user5341675221449441281,3
user3402546162169806849,3
user3968116479433375745,3
user9208208470132654081,3
user474435913015885825,3
user162341977013092353,3
user6926146952534949889,3
user7788687474900860929,3
user7244783966270521345,3
user1639510899465125889,3
user7333834074429063169,3
user4160519039925354497,3
user5237871380938096641,3
user8031077080986812417,3
user5235278268663332865,3
user1803827534937194497,3
user5359510897779802113,3
user2646847057280630785,3
user4981479614531502081,3
user8487322136761860097,3
user8065169401806061569,3
user2634277779654311937,3
user7381358098012700673,3
user2428765192268546049,3
user7349461059532488705,3
user8386164520090861569,3
user85401868448038913,3
user1719347143132577793,3
user6563368283565719553,3
user7520292937054289921,3
user2580245175515217921,3
user3518603359693045761,3
user1465870444044222465,3
user8553444408119263233,3
user4630063904314097665,3
user8269498592557793281,3
user2306130930936315905,3
user4296307626444062721,3
user7192641633072971777,3
user3805679566463172609,3
user5897278461512253441,3
user5763191605460729857,3
user5198696851087294465,3
user9130119578075004929,3
user4405366977917353985,3
user3820537400233295873,3
user4390330817105100801,3
user4220436483699376129,3
user844057147787444225,3
user8897029860380114945,3
user9068824330267262977,3
user5809745249903312897,3
user5669048056931155969,3
user5675503676244885505,3
user3233871144209612801,3
user800811285292777473,3
user2766226265978437633,3
user2666285194499063809,3
user3858549269552168961,3
user6997493480377286657,3
user2336378495816433665,3
user6310835072828178433,3
user7746882586818904065,3
user3113523411796623361,3
user3440959232973733889,3
user3225802485503361025,3
user9088006367175770113,3
user4955019811374497793,3
user2585491959103619073,3
user4431122217459253249,3
user64190081535049729,3
user8973921800886943745,3
user697091200938672129,3
user4820957350737215489,3
user30404322596487169,3
user6470192270908850177,3
user318722182937051137,3
user5860915722196090881,3
user55980105519857665,3
user3569030815528517633,3
user415531029256732673,3
user7174515921896079361,3
user3056557194670505985,3
user3365917276615213057,3
user3581907355115192321,3
user584712483990667265,3
user8173753098536222721,3
user6431383113925918721,3
user7697499014194790401,3
user6248252619026857985,3
user5008953708575195137,3
user2657565710808514561,3
user9086661947922841601,3
user1024654170327613441,3
user8506150002077204481,3
user1098915258682048513,3
user7895257553523703809,3
user5272324186952433665,3
user8980197242027638785,3
user3512708233611444225,3
user5052757521681350657,2
user3262250235107213313,2
user3017360120536367105,2
user3889459062554755073,2
user5887563168179290113,2
user347811317828026369,2
user2759713729758101505,2
user7418943833561366529,2
user7236352107949850625,2
user1390271834154336257,2
user7862769918385586177,2
user6644680582938755073,2
user2297392175727509505,2
user6416166671861415937,2
user4990728560315465729,2
user5404047380767047681,2
user7390901584063889409,2
user8411553849893978113,2
user2383129111754178561,2
user4345488790144417793,2
user8259301408189186049,2
user657822224757030913,2
user8637102661579046913,2
user5457982184205844481,2
user7528481008736272385,2
user7578574548044349441,2
user2672736699234123777,2
user3132111188440121345,2
user2125677738260955137,2
user8349577287129104385,2
user912131709414146049,2
user7874811271516782593,2
user2578363275464933377,2
user2909284836264902657,2
user1879839921976377345,2
user5023020473793904641,2
user7351679869702373377,2
user7102707685069422593,2
user6665152823728013313,2
user4794782591674744833,2
user268130818264662017,2
user7133053338412646401,2
user7111845266646368257,2
user4111521194019127297,2
user6958328786001592321,2
user5497693391695118337,2
user1374392493952466945,2
user8503582504987394049,2
user7118908031126994945,2
user3743921767857520641,2
user2938562992666574849,2
user8263724339740803073,2
user329165645025378305,2
user4584496324233134081,2
user4084197767428177921,2
user46447236627824641,2
user1348709972501856257,2
user1796708106953031681,2
user112670126184071169,2
user8992768044367347713,2
user6765590208743211009,2
user5938214799832776705,2
user8057640599014080513,2
user3768323431276216321,2
user3825157436424060929,2
user3902227351785701377,2
user2483312427978981377,2
user7984865255811448833,2
user6646003364146446337,2
user7044174925866729473,2
user2053031737998442497,2
user4305805315258974209,2
user6193624710945701889,2
user5144555957937766401,2
user5059161854790598657,2
user4714551125116715009,2
user2523581551720005633,2
user3896018401033715713,2
user2946371376354689025,2
user1178636474535378945,2
user1107826976518832129,2
user3433382674440388609,2
user4460484422075940865,2
user1971582532247879681,2
user8654334753270398977,2
user7861368199973961729,2
user2504901940085784577,2
user1870679589957664769,2
user7788539182565031937,2
user1900336218877460481,2
user2424457430264971265,2
user7507461833926639617,2
user5609655067318681601,2
user1308100176249880577,2
user7999412228438622209,2
user1077796981797027841,2
user7472069813053947905,2
user1435278066304679937,2
user6941730919245938689,2
user7160236392587460609,2
user9222761039102214145,2
user2595280541758521345,2
user8208852851179388929,2
user8839660178321178625,2
user1322318218806689793,2
user9040041078652141569,2
user3255280473848414209,2
user4459618028388089857,2
user6569787271103381505,2
user611147638330359809,2
user5264439430155862017,2
user7116837238415032321,2
user3986392024839356417,2
user970613036383469569,2
user7066783487683985409,2
user3615394347538710529,2
user1539585307047886849,2
user2722682873919307777,2
user6943541501364273153,2
user3131944170046881793,1
user4694057654304112641,1
user6495415046175195137,1
user7356297977452822529,1
user6185955033226412033,1
user191749192887042049,1
user5126599279493775361,1
user7590714861517012993,1
user1041565019940061185,1
user7045594777630277633,1
user4196588501694676993,1
user433959681656881153,1
user532157206867476481,1
user8126836052615757825,1
user5933820872195309569,1
user4547668006167117825,1
user1384002122500014081,1
user1589915859831226369,1
user7012669820332146689,1
user3141299321782140929,1
user6364714393879445505,1
user2746665722192068609,1
user4641315790916681729,1
user9137363487096307713,1
user6772254619302100993,1
user8024953209241993217,1
user6937101202198888449,1
user7512632192866975745,1
user5735893536356696065,1
user8353019450013777921,1
user1677929854374248449,1
user5607723229683646465,1
user629569173969698817,1
user8906655285817376769,1
user3034570097441112065,1
user5508894494604394497,1
user5993795597948157953,1
user5647234231567384577,1
user2888865286134431745,1
user400440408259166209,1
user3756082967756144641,1
user8726763295043747841,1
user1762906078678351873,1
user3352300705573502977,1
user7638220884892712961,1
user382295558708002817,1
user4097441002732650497,1
user6793578857048834049,1
user2418585209243959297,1
user1376728999111163905,1
user750632636912762881,1
user8960558254958575617,1
user8580145979280326657,1
user5477595195312701441,1
user9179991050394009601,1
user3252075401748414465,1
user6799235350452502529,1
user6648844652516474881,1
user984383435973853185,1
user323598753229438977,1
user7950702003607306241,1
user607784541498638337,1
user3008999648867123201,1
user3322575374356840449,1
user2233187766181560321,1
user6938678464513835009,1
user7635402527353077761,1
user7456425411858137089,1
user1469500245460123649,1
user7136899065014386689,1
user5898776296996995073,1
user7566110501411749889,1
user5331318088203763713,1
user6628383784800616449,1
user5513956706268217345,1
user277084180104347649,1
user2369739259151122433,1
user6800710834927435777,1
user1880172988100247553,1
user8042700731368603649,1
user6054873305662357505,1
user9209573359199715329,1
user2932385438125522945,1
user4318577615989374977,1
user7682307925322235905,1
user6069149197133676545,1
user4000030444379701249,1
user2678503702146318337,1
user51179165306585089,1
user3267815984441851905,1
user3022856574868652033,1
user8423911892438745089,1
user4472310026114957313,1
user7092010892925075457,1
user782278153518186497,1
user7944217582242889729,1
user287518906229194753,1
user8104973827265527809,1
user8942750238217601025,1
user8545119881031319553,1
user3907486333081223169,1
user5990385488404414465,1
user6028384820713750529,1
user1232315048815230977,1
user5783095123860520961,1
user1085115618954313729,1
user8109552593115545601,1
user3974268268465618945,1
user6866232949029732353,1
user81938978051194881,1
user8822013901458636801,1
user454821755152760833,1
user4847518682626129921,1
user6187811511365271553,1
user7321640894203953153,1
user2370109180389359617,1
user516049279916179457,1
user7511224023414472705,1
user494925582782431233,1
user6603143769535545345,1
user7050686839316807681,1
user7875597418035675137,1
user5985869562220904449,1
user1074852601326993409,1
user6878970576489152513,1
user475234983091372033,1
user719542850420736001,1
user4202842777236537345,1
user3741825286946160641,1
user5890713625475153921,1
user144656070487310337,1